"meeting_id","email","status","timestamp","ended_at"
"1","damnik@gmail.com","1","2020-05-27","2020-05-27"
"2","d@gmail.com","1","2020-05-27","2020-05-27"
"3","d@gmail.com","1","2020-05-27","2020-05-27"
"4","d@gmail.com","1","2020-05-27","2020-05-27"
"5","d@gmail.com","1","2020-05-27","2020-05-27"
"6","d@gmail.com","1","2020-05-27","2020-05-27"
"7","d@gmail.com","1","2020-05-27","2020-05-27"
"8","d@gmail.com","1","2020-05-27","2020-05-27"
"9","d@gmail.com","1","2020-05-27","2020-05-27"
"10","d@gmail.com","1","2020-05-27","2020-05-27"
"11","d@gmail.com","1","2020-05-27","2020-05-27"
"12","d@gmail.com","1","2020-05-27","2020-05-27"
"13","d@gmail.com","1","2020-05-27","2020-05-27"
"14","d@gmail.com","1","2020-05-27","2020-05-27"
"15","d@gmail.com","1","2020-05-27","2020-05-27"
"16","d@gmail.com","1","2020-05-27","2020-05-27"
"17","d@gmail.com","1","2020-05-27","2020-05-27"
"18","d@gmail.com","1","2020-05-27","2020-05-27"
"19","d@gmail.com","1","2020-05-27","2020-05-27"
"20","d@gmail.com","1","2020-05-27","2020-05-27"
"21","d@gmail.com","1","2020-05-27","2020-05-27"
"22","d@gmail.com","1","2020-05-27","2020-05-27"
"23","d@gmail.com","1","2020-05-27","2020-05-27"
"24","d@gmail.com","1","2020-05-27","2020-05-27"
"25","d@gmail.com","1","2020-05-27","2020-05-27"
"26","d@gmail.com","1","2020-05-27","2020-05-27"
"27","d@gmail.com","1","2020-05-27","2020-05-27"
"28","d@gmail.com","1","2020-05-27","2020-05-27"
"29","d@gmail.com","1","2020-05-27","2020-05-27"
"30","d@gmail.com","1","2020-05-27","2020-05-27"
"31","d@gmail.com","1","2020-05-27","2020-05-27"
"32","d@gmail.com","1","2020-05-27","2020-05-27"
"33","d@gmail.com","1","2020-05-27","2020-05-27"
"34","d@gmail.com","1","2020-05-27","2020-05-27"
"35","d@gmail.com","1","2020-05-27","2020-05-27"
"36","d@gmail.com","1","2020-05-27","2020-05-27"
"37","d@gmail.com","1","2020-05-27","2020-05-27"
"38","d@gmail.com","1","2020-05-27","2020-05-27"
"39","d@gmail.com","1","2020-05-27","2020-05-27"
"40","d@gmail.com","1","2020-05-27","2020-05-27"
"41","d@gmail.com","1","2020-05-27","2020-05-27"
"42","d@gmail.com","1","2020-05-27","2020-05-27"
"43","d@gmail.com","1","2020-05-27","2020-05-27"
"44","d@gmail.com","1","2020-05-27","2020-05-27"
"45","d@gmail.com","1","2020-05-27","2020-05-27"
"46","d@gmail.com","1","2020-05-27","2020-05-27"
"47","d@gmail.com","1","2020-05-27","2020-05-27"
"48","d@gmail.com","1","2020-05-27","2020-05-27"
"49","d@gmail.com","1","2020-05-27","2020-05-27"
"50","d@gmail.com","1","2020-05-27","2020-05-27"
"51","d@gmail.com","1","2020-05-27","2020-05-27"
"52","d@gmail.com","1","2020-05-27","2020-05-27"
"53","d@gmail.com","1","2020-05-27","2020-05-27"
"54","d@gmail.com","1","2020-05-27","2020-05-27"
"55","d@gmail.com","1","2020-05-27","2020-05-27"
"56","d@gmail.com","1","2020-05-27","2020-05-27"
"57","d@gmail.com","1","2020-05-27","2020-05-27"
"58","d@gmail.com","1","2020-05-27","2020-05-27"
"59","d@gmail.com","1","2020-05-27","2020-05-27"
"60","d@gmail.com","1","2020-05-27","2020-05-27"
"61","d@gmail.com","1","2020-05-27","2020-05-27"
"62","d@gmail.com","1","2020-05-27","2020-05-27"
"63","d@gmail.com","1","2020-05-27","2020-05-27"
"64","d@gmail.com","1","2020-05-27","2020-05-27"
"65","d@gmail.com","1","2020-05-27","2020-05-27"
"66","d@gmail.com","1","2020-05-27","2020-05-27"
"67","d@gmail.com","1","2020-05-27","2020-05-27"
"68","d@gmail.com","1","2020-05-27","2020-05-27"
"69","d@gmail.com","1","2020-05-27","2020-05-27"
"70","d@gmail.com","1","2020-05-27","2020-05-27"
"71","d@gmail.com","1","2020-05-27","2020-05-27"
"72","d@gmail.com","1","2020-05-27","2020-05-27"
"73","d@gmail.com","1","2020-05-27","2020-05-27"
"74","d@gmail.com","1","2020-05-27","2020-05-27"
"75","d@gmail.com","1","2020-05-27","2020-05-27"
"76","d@gmail.com","1","2020-05-27","2020-05-27"
"77","d@gmail.com","1","2020-05-27","2020-05-27"
"78","d@gmail.com","1","2020-05-27","2020-05-27"
"79","d@gmail.com","1","2020-05-27","2020-05-27"
"80","d@gmail.com","1","2020-05-27","2020-05-27"
"81","d@gmail.com","2","2020-05-27","2020-05-27"
"82","d@gmail.com","2","2020-05-27","2020-05-27"
"83","d@gmail.com","1","2020-05-27","2020-05-27"
"84","d@gmail.com","2","2020-05-27","2020-05-27"
"85","d@gmail.com","1","2020-05-27","2020-05-27"
"86","d@gmail.com","1","2020-05-27","2020-05-27"
"87","d@gmail.com","1","2020-05-27","2020-05-27"
"88","d@gmail.com","1","2020-05-27","2020-05-27"
"89","d@gmail.com","1","2020-05-27","2020-05-27"
"90","d@gmail.com","2","2020-05-27","2020-05-27"
"91","d@gmail.com","2","2020-05-27","2020-05-27"
"92","d@gmail.com","1","2020-05-27","2020-05-27"
"93","wjkdflak@gmakli.fjaksdfjalsk","2","2020-05-27","2020-05-27"
"94","wjkdflak@gmakli.fjaksdfjalsk","2","2020-05-27","2020-05-27"
"95","wjkdflak@gmakli.fjaksdfjalsk","1","2020-05-27","2020-05-27"
"96","wjkdflak@gmakli.fjaksdfjalsk","1","2020-05-27","2020-05-27"
"97","wjkdflak@gmakli.fjaksdfjalsk","1","2020-05-27","2020-05-27"
"98","wjkdflak@gmakli.fjaksdfjalsk","2","2020-05-27","2020-05-27"
"99","wjkdflak@gmakli.fjaksdfjalsk","1","2020-05-27","2020-05-27"
"100","wjkdflak@gmakli.fjaksdfjalsk","2","2020-05-27","2020-05-27"
"101","wjkdflak@gmakli.fjaksdfjalsk","1","2020-05-27","2020-05-27"
"102","wjkdflak@gmakli.fjaksdfjalsk","1","2020-05-27","2020-05-27"
"103","wjkdflak@gmakli.fjaksdfjalsk","1","2020-05-27","2020-05-27"
"104","damnik@gmail.com","1","2020-05-27","2020-05-27"
"105","damnik1@gmail.com","1","2020-05-27","2020-05-27"
"106","damnik1@gmail.com","1","2020-05-27","2020-05-27"
"107","damnik1@gmail.com","1","2020-05-27","2020-05-27"
"108","damnik1@gmail.com","1","2020-05-27","2020-05-27"
"109","damnik1@gmail.com","1","2020-05-27","2020-05-27"
"110","yartik@gmail.com","1","2020-05-27","2020-05-27"
"111","damnik1@gmail.com","2","2020-05-27","2020-05-27"
"112","damnik1@gmail.com","2","2020-05-27","2020-05-27"
"113","damnik1@gmail.com","2","2020-05-28","2020-05-28"
"114","damnik1@gmail.com","2","2020-05-28","2020-05-28"
"115","d@gmail.com","1","2020-05-28","2020-05-28"
"116","d@gmail.com","2","2020-05-28","2020-05-28"
"117","d@gmail.com","2","2020-05-28","2020-05-28"
"118","d@gmail.com","1","2020-05-28","2020-05-28"
"119","d@gmail.com","1","2020-05-28","2020-05-28"
"120","d@gmail.com","1","2020-05-28","2020-05-28"
"121","d@gmail.com","1","2020-05-28","2020-05-28"
"122","d@gmail.com","2","2020-05-28","2020-05-28"
"123","d@gmail.com","2","2020-05-28","2020-05-28"
"124","d@gmail.com","2","2020-05-28","2020-05-28"
"125","d@gmail.com","1","2020-05-28","2020-05-28"
"126","d@gmail.com","2","2020-05-29","2020-05-29"
"127","d@gmail.com","2","2020-05-29","2020-05-29"
"128","d@gmail.com","2","2020-05-29","2020-05-29"
"129","d@gmail.com","2","2020-05-29","2020-05-29"
"130","d@gmail.com","2","2020-05-29","2020-05-29"
"131","d@gmail.com","0","2020-05-29","2020-05-29"
"132","d@gmail.com","0","2020-05-29","2020-05-29"
"133","d@gmail.com","1","2020-05-29","2020-05-29"
"134","d@gmail.com","1","2020-05-29","2020-05-29"
"135","d@gmail.com","1","2020-05-29","2020-05-29"
"136","d@gmail.com","1","2020-05-29","2020-05-29"
"137","d@gmail.com","1","2020-05-29","2020-05-29"
"138","d@gmail.com","1","2020-05-29","2020-05-29"
"139","d@gmail.com","1","2020-05-29","2020-05-29"
"140","d@gmail.com","1","2020-05-29","2020-05-29"
"141","d@gmail.com","1","2020-05-29","2020-05-29"
"142","d@gmail.com","1","2020-05-29","2020-05-29"
"143","d@gmail.com","0","2020-05-29","2020-05-29"
"144","d@gmail.com","0","2020-05-29","2020-05-29"
"145","d@gmail.com","0","2020-05-29","2020-05-29"
"146","d@gmail.com","1","2020-05-29","2020-05-29"
"147","d@gmail.com","1","2020-05-29","2020-05-29"
"148","d@gmail.com","1","2020-05-29","2020-05-29"
"149","d@gmail.com","1","2020-05-29","2020-05-29"
"150","d@gmail.com","1","2020-05-29","2020-05-29"
"151","d@gmail.com","1","2020-05-29","2020-05-29"
"152","d@gmail.com","1","2020-05-29","2020-05-29"
"153","d@gmail.com","1","2020-05-29","2020-05-29"
"154","d@gmail.com","1","2020-05-29","2020-05-29"
"155","d@gmail.com","1","2020-05-29","2020-05-29"
"156","d@gmail.com","1","2020-05-29","2020-05-29"
"157","d@gmail.com","1","2020-05-29","2020-05-29"
"158","d@gmail.com","1","2020-05-29","2020-05-29"
"159","d@gmail.com","1","2020-05-29","2020-05-29"
"160","d@gmail.com","1","2020-05-29","2020-05-29"
"161","d@gmail.com","1","2020-05-29","2020-05-29"
"162","d@gmail.com","1","2020-05-29","2020-05-29"
"163","d@gmail.com","1","2020-05-29","2020-05-29"
"164","d@gmail.com","1","2020-05-29","2020-05-29"
"165","d@gmail.com","1","2020-05-29","2020-05-29"
"166","d@gmail.com","1","2020-05-29","2020-05-29"
"167","d@gmail.com","1","2020-05-29","2020-05-29"
"168","d@gmail.com","1","2020-05-29","2020-05-29"
"169","d@gmail.com","1","2020-05-29","2020-05-29"
"170","d@gmail.com","2","2020-05-29","2020-05-29"
"171","d@gmail.com","1","2020-05-29","2020-05-29"
"172","d@gmail.com","1","2020-05-29","2020-05-29"
"173","d@gmail.com","1","2020-05-29","2020-05-29"
"174","d@gmail.com","1","2020-05-29","2020-05-29"
"175","d@gmail.com","1","2020-05-30","2020-05-30"
"176","d@gmail.com","1","2020-05-30","2020-05-30"
"177","d@gmail.com","1","2020-05-30","2020-05-30"
"178","d@gmail.com","1","2020-05-30","2020-05-30"
"179","d@gmail.com","1","2020-05-30","2020-05-30"
"180","d@gmail.com","1","2020-05-30","2020-05-30"
"181","d@gmail.com","1","2020-05-30","2020-05-30"
"182","d@gmail.com","1","2020-05-30","2020-05-30"
"183","d@gmail.com","1","2020-05-30","2020-05-30"
"184","d@gmail.com","1","2020-05-30","2020-05-30"
"185","d@gmail.com","1","2020-05-30","2020-05-30"
"186","d@gmail.com","1","2020-05-30","2020-05-30"
"187","d@gmail.com","1","2020-05-30","2020-05-30"
"188","d@gmail.com","1","2020-05-30","2020-05-30"
"189","d@gmail.com","1","2020-05-30","2020-05-30"
"190","d@gmail.com","1","2020-05-30","2020-05-30"
"191","d@gmail.com","1","2020-05-30","2020-05-30"
"192","d@gmail.com","1","2020-05-30","2020-05-30"
"193","d@gmail.com","1","2020-05-30","2020-05-30"
"194","d@gmail.com","1","2020-05-30","2020-05-30"
"195","d@gmail.com","1","2020-05-30","2020-05-30"
"196","d@gmail.com","1","2020-05-30","2020-05-30"
"197","d@gmail.com","1","2020-05-30","2020-05-30"
"198","d@gmail.com","1","2020-05-30","2020-05-30"
"199","d@gmail.com","1","2020-05-30","2020-05-30"
"200","d@gmail.com","1","2020-05-30","2020-05-30"
"201","d@gmail.com","1","2020-05-30","2020-05-30"
"202","d@gmail.com","1","2020-05-30","2020-05-30"
"203","d@gmail.com","1","2020-05-30","2020-05-30"
"204","d@gmail.com","1","2020-05-30","2020-05-30"
"205","d@gmail.com","1","2020-05-30","2020-05-30"
"206","d@gmail.com","1","2020-05-30","2020-05-30"
"207","d@gmail.com","1","2020-05-30","2020-05-30"
"208","d@gmail.com","1","2020-05-30","2020-05-30"
"209","d@gmail.com","1","2020-05-30","2020-05-30"
"210","d@gmail.com","1","2020-05-30","2020-05-30"
"211","d@gmail.com","1","2020-05-30","2020-05-30"
"212","d@gmail.com","1","2020-05-30","2020-05-30"
"213","d@gmail.com","1","2020-05-30","2020-05-30"
"214","d@gmail.com","1","2020-05-30","2020-05-30"
"215","d@gmail.com","1","2020-05-30","2020-05-30"
"216","d@gmail.com","1","2020-05-30","2020-05-30"
"217","d@gmail.com","2","2020-05-30","2020-05-30"
"218","d@gmail.com","1","2020-05-30","2020-05-30"
"219","d@gmail.com","2","2020-05-30","2020-05-30"
"220","d@gmail.com","1","2020-05-30","2020-05-30"
"221","d@gmail.com","1","2020-05-30","2020-05-30"
"222","d@gmail.com","1","2020-05-30","2020-05-30"
"223","d@gmail.com","1","2020-05-30","2020-05-30"
"224","d@gmail.com","1","2020-05-30","2020-05-30"
"225","d@gmail.com","1","2020-05-30","2020-05-30"
"226","d@gmail.com","1","2020-05-30","2020-05-30"
"227","d@gmail.com","1","2020-05-30","2020-05-30"
"228","d@gmail.com","1","2020-05-30","2020-05-30"
"229","d@gmail.com","1","2020-05-30","2020-05-30"
"230","d@gmail.com","1","2020-05-30","2020-05-30"
"231","d@gmail.com","1","2020-05-30","2020-05-30"
"232","d@gmail.com","1","2020-05-30","2020-05-30"
"233","d@gmail.com","1","2020-05-30","2020-05-30"
"234","d@gmail.com","1","2020-05-30","2020-05-30"
"235","d@gmail.com","1","2020-05-30","2020-05-30"
"236","d@gmail.com","1","2020-05-30","2020-05-30"
"237","d@gmail.com","1","2020-05-30","2020-05-30"
"238","d@gmail.com","1","2020-05-30","2020-05-30"
"239","d@gmail.com","1","2020-05-30","2020-05-30"
"240","d@gmail.com","1","2020-05-30","2020-05-30"
"241","d@gmail.com","1","2020-05-30","2020-05-30"
"242","d@gmail.com","1","2020-05-30","2020-05-30"
"243","d@gmail.com","1","2020-05-30","2020-05-30"
"244","d@gmail.com","1","2020-05-30","2020-05-30"
"245","d@gmail.com","2","2020-05-30","2020-05-30"
"246","d@gmail.com","2","2020-05-30","2020-05-30"
"247","d@gmail.com","1","2020-05-30","2020-05-30"
"248","d@gmail.com","1","2020-05-30","2020-05-30"
"249","d@gmail.com","1","2020-05-30","2020-05-30"
"250","d@gmail.com","1","2020-05-30","2020-05-30"
"251","d@gmail.com","1","2020-05-30","2020-05-30"
"252","d@gmail.com","1","2020-05-30","2020-05-30"
"253","d@gmail.com","1","2020-05-30","2020-05-30"
"254","d@gmail.com","1","2020-05-30","2020-05-30"
"255","d@gmail.com","1","2020-05-30","2020-05-30"
"256","d@gmail.com","1","2020-05-30","2020-05-30"
"257","d@gmail.com","1","2020-05-30","2020-05-30"
"258","d@gmail.com","1","2020-05-30","2020-05-30"
"259","d@gmail.com","1","2020-05-30","2020-05-30"
"260","d@gmail.com","1","2020-05-30","2020-05-30"
"261","d@gmail.com","1","2020-05-30","2020-05-30"
"262","d@gmail.com","1","2020-05-30","2020-05-30"
"263","d@gmail.com","1","2020-05-30","2020-05-30"
"264","d@gmail.com","1","2020-05-30","2020-05-30"
"265","d@gmail.com","1","2020-05-30","2020-05-30"
"266","d@gmail.com","1","2020-05-30","2020-05-30"
"267","d@gmail.com","1","2020-05-30","2020-05-30"
"268","d@gmail.com","1","2020-05-30","2020-05-30"
"269","d@gmail.com","1","2020-05-30","2020-05-30"
"270","d@gmail.com","1","2020-05-30","2020-05-30"
